{"total":15572,"inNumber":0,"fullTotal":"3606","halfTotal":"541","freeTotal":6981,"elecFullTotal":"3844","elecHalfTotal":"600","erInNumber":4293.993554209102,"sanInNumber":7825.145803790125,"siInNumber":0,"wuInNumber":0,"liuInNumber":3450.8531648833314,"erOutNumber":3274.195178548408,"sanOutNumber":7662.540157277298,"siOutNumber":1547.7648575480212,"wuOutNumber":104.38881010700013,"liuOutNumber":2993.1483821064844,"day":"02"}